{
    "install": "messages/install.txt",
    "1.0.13": "messages/1.0.13.txt",
    "1.0.14": "messages/1.0.14.txt",
    "1.0.15": "messages/1.0.15.txt",
    "1.0.17": "messages/1.0.17.txt",
    "1.0.18": "messages/1.0.18.txt",
    "1.0.19": "messages/1.0.19.txt",
    "1.0.20": "messages/1.0.20.txt",
    "1.0.21": "messages/1.0.21.txt",
    "1.0.22": "messages/1.0.22.txt",
    "1.0.23": "messages/1.0.23.txt",
    "1.0.24": "messages/1.0.24.txt",
    "1.0.25": "messages/1.0.25.txt",
    "1.0.26": "messages/1.0.26.txt",
    "1.0.27": "messages/1.0.27.txt",
    "1.0.28": "messages/1.0.28.txt",
    "1.0.29": "messages/1.0.29.txt",
    "1.0.30": "messages/1.0.30.txt",
    "1.0.31": "messages/1.0.31.txt",
    "1.0.32": "messages/1.0.32.txt",
    "1.0.33": "messages/1.0.33.txt",
    "1.0.34": "messages/1.0.34.txt",
    "1.0.35": "messages/1.0.35.txt",
    "1.0.36": "messages/1.0.36.txt"
}
